{
    "faqs": [
        {
            "question": "What is your return policy?",
            "answer": "You can return any item within 30 days of purchase."
        },
        {
            "question": "How can I reset my password?",
            "answer": "Click on 'Forgot Password' at the login page and follow the instructions."
        },
        {
            "question": "Do you offer international shipping?",
            "answer": "Yes, we ship to most countries worldwide. Shipping fees apply."
        },
        {
            "question": "How do I track my order?",
            "answer": "After placing your order, you will receive an email with tracking details."
        }
    ]
}